STATEMENT_ID,SETTLE_DT,BUY_SELL,SEC_SYMBOL,QUANTITY,UNIT_PRICE,CCY,EXECUTING_BROKER,CUSTODIAN_ACCT
CUST-20260407-0001,2026-04-07,BUY,JNJ,200,154.1305,USD,GOLDMAN SACHS & CO. LLC,7731-CUST
CUST-20260409-0002,2026-04-09,SELL,AMZN,1000,185.0897,USD,GOLDMAN SACHS & CO. LLC,5518-CUST
CUST-20260413-0003,2026-04-13,SELL,MA,2500,476.8216,USD,GOLDMAN SACHS & CO. LLC,4421-CUST
CUST-20260408-0004,2026-04-08,BUY,ABBV,1500,175.7186,USD,GOLDMAN SACHS & CO. LLC,8845-CUST
CUST-20260408-0005,2026-04-08,SELL,WMT,750,60.2957,USD,GOLDMAN SACHS & CO. LLC,4421-CUST
CUST-20260410-0006,2026-04-10,SELL,PG,300,162.9533,USD,GOLDMAN SACHS & CO. LLC,4421-CUST
CUST-20260413-0007,2026-04-13,SELL,AMZN,5000,184.2641,USD,GOLDMAN SACHS & CO. LLC,4421-CUST
CUST-20260408-0008,2026-04-08,SELL,LLY,300,769.7562,USD,GOLDMAN SACHS & CO. LLC,7731-CUST
CUST-20260409-0009,2026-04-09,SELL,XOM,300,119.6531,USD,GOLDMAN SACHS & CO. LLC,5518-CUST
CUST-20260408-0010,2026-04-08,SELL,HD,1500,347.8749,USD,GOLDMAN SACHS & CO. LLC,4421-CUST
CUST-20260408-0011,2026-04-08,SELL,HD,1000,349.2134,USD,GOLDMAN SACHS & CO. LLC,8845-CUST
CUST-20260413-0012,2026-04-13,SELL,KO,1500,60.6999,USD,GOLDMAN SACHS & CO. LLC,5518-CUST
CUST-20260409-0013,2026-04-09,SELL,V,2500,278.9261,USD,GOLDMAN SACHS & CO. LLC,5518-CUST
CUST-20260413-0014,2026-04-13,SELL,UNH,500,507.3488,USD,GOLDMAN SACHS & CO. LLC,5518-CUST
CUST-20260409-0015,2026-04-09,BUY,TSLA,750,177.7586,USD,GOLDMAN SACHS & CO. LLC,6602-CUST
CUST-20260410-0016,2026-04-10,SELL,MA,1500,476.563,USD,GOLDMAN SACHS & CO. LLC,8845-CUST
CUST-20260409-0017,2026-04-09,BUY,HD,1000,352.8624,USD,GOLDMAN SACHS & CO. LLC,6602-CUST
CUST-20260407-0018,2026-04-07,SELL,AAPL,200,178.4211,USD,GOLDMAN SACHS & CO. LLC,8845-CUST
CUST-20260410-0019,2026-04-10,SELL,JNJ,100,154.656,USD,GOLDMAN SACHS & CO. LLC,7731-CUST
CUST-20260413-0020,2026-04-13,BUY,META,5000,509.1823,USD,GOLDMAN SACHS & CO. LLC,5518-CUST
CUST-20260409-0021,2026-04-09,SELL,PG,1000,162.1363,USD,GOLDMAN SACHS & CO. LLC,7731-CUST
CUST-20260413-0022,2026-04-13,SELL,HD,100,349.1908,USD,GOLDMAN SACHS & CO. LLC,5518-CUST
CUST-20260407-0023,2026-04-07,SELL,MA,2500,473.0194,USD,GOLDMAN SACHS & CO. LLC,5518-CUST
CUST-20260410-0024,2026-04-10,SELL,ABBV,5000,176.6728,USD,GOLDMAN SACHS & CO. LLC,4421-CUST
CUST-20260410-0025,2026-04-10,BUY,HD,200,354.5746,USD,GOLDMAN SACHS & CO. LLC,6602-CUST
CUST-20260410-0026,2026-04-10,BUY,TSLA,300,178.9107,USD,GOLDMAN SACHS & CO. LLC,6602-CUST
CUST-20260413-0027,2026-04-13,BUY,NVDA,750,888.5167,USD,GOLDMAN SACHS & CO. LLC,7731-CUST
CUST-20260409-0028,2026-04-09,SELL,AMZN,750,185.6448,USD,GOLDMAN SACHS & CO. LLC,5518-CUST
CUST-20260407-0029,2026-04-07,SELL,JPM,500,199.2969,USD,GOLDMAN SACHS & CO. LLC,5518-CUST
CUST-20260413-0030,2026-04-13,BUY,HD,1000,349.0809,USD,GOLDMAN SACHS & CO. LLC,6602-CUST
CUST-20260409-0031,2026-04-09,SELL,JPM,1500,196.3203,USD,GOLDMAN SACHS & CO. LLC,7731-CUST
CUST-20260409-0032,2026-04-09,BUY,MSFT,1500,413.171,USD,GOLDMAN SACHS & CO. LLC,7731-CUST
CUST-20260410-0033,2026-04-10,BUY,ABBV,5000,177.1063,USD,GOLDMAN SACHS & CO. LLC,8845-CUST
CUST-20260413-0034,2026-04-13,BUY,KO,100,60.6067,USD,GOLDMAN SACHS & CO. LLC,4421-CUST
CUST-20260413-0035,2026-04-13,SELL,JPM,300,196.8554,USD,GOLDMAN SACHS & CO. LLC,5518-CUST
CUST-20260407-0036,2026-04-07,BUY,PG,300,162.4551,USD,GOLDMAN SACHS & CO. LLC,5518-CUST
CUST-20260413-0037,2026-04-13,BUY,MA,2500,477.0201,USD,GOLDMAN SACHS & CO. LLC,4421-CUST
CUST-20260413-0038,2026-04-13,BUY,HD,1000,349.4318,USD,GOLDMAN SACHS & CO. LLC,6602-CUST
CUST-20260413-0039,2026-04-13,SELL,LLY,300,777.4197,USD,GOLDMAN SACHS & CO. LLC,6602-CUST
CUST-20260407-0040,2026-04-07,BUY,KO,100,60.5418,USD,GOLDMAN SACHS & CO. LLC,7731-CUST
CUST-20260407-0041,2026-04-07,BUY,KO,1500,60.5675,USD,GOLDMAN SACHS & CO. LLC,6602-CUST
CUST-20260407-0042,2026-04-07,SELL,MA,2500,472.2422,USD,GOLDMAN SACHS & CO. LLC,4421-CUST
CUST-20260410-0043,2026-04-10,BUY,PG,1000,162.7563,USD,GOLDMAN SACHS & CO. LLC,8845-CUST
CUST-20260410-0044,2026-04-10,BUY,NVDA,300,892.8017,USD,GOLDMAN SACHS & CO. LLC,8845-CUST
CUST-20260408-0045,2026-04-08,BUY,GOOGL,750,149.746,USD,GOLDMAN SACHS & CO. LLC,4421-CUST
CUST-20260410-0046,2026-04-10,BUY,HD,300,355.3426,USD,GOLDMAN SACHS & CO. LLC,5518-CUST
CUST-20260410-0047,2026-04-10,SELL,HD,200,354.3147,USD,GOLDMAN SACHS & CO. LLC,7731-CUST
CUST-20260408-0048,2026-04-08,BUY,LLY,200,766.3887,USD,GOLDMAN SACHS & CO. LLC,5518-CUST
CUST-20260410-0049,2026-04-10,BUY,META,500,513.621,USD,GOLDMAN SACHS & CO. LLC,6602-CUST
CUST-20260407-0050,2026-04-07,BUY,JNJ,500,153.5359,USD,GOLDMAN SACHS & CO. LLC,8845-CUST
CUST-20260409-0051,2026-04-09,BUY,KO,1000,61.132,USD,GOLDMAN SACHS & CO. LLC,7731-CUST
CUST-20260407-0052,2026-04-07,BUY,GOOGL,100,149.0982,USD,J.P. MORGAN SECURITIES LLC,6602-CUST
CUST-20260413-0053,2026-04-13,BUY,UNH,1500,508.6297,USD,J.P. MORGAN SECURITIES LLC,8845-CUST
CUST-20260407-0054,2026-04-07,SELL,ABBV,5000,174.5341,USD,J.P. MORGAN SECURITIES LLC,7731-CUST
CUST-20260409-0055,2026-04-09,SELL,XOM,500,119.7065,USD,J.P. MORGAN SECURITIES LLC,7731-CUST
CUST-20260409-0056,2026-04-09,SELL,PG,5000,162.0719,USD,J.P. MORGAN SECURITIES LLC,6602-CUST
CUST-20260407-0057,2026-04-07,SELL,AAPL,200,178.3771,USD,J.P. MORGAN SECURITIES LLC,7731-CUST
CUST-20260409-0058,2026-04-09,BUY,XOM,5000,119.7392,USD,J.P. MORGAN SECURITIES LLC,6602-CUST
CUST-20260410-0059,2026-04-10,SELL,TSLA,1000,178.4912,USD,J.P. MORGAN SECURITIES LLC,4421-CUST
CUST-20260408-0060,2026-04-08,SELL,JNJ,5000,154.2716,USD,J.P. MORGAN SECURITIES LLC,7731-CUST
CUST-20260413-0061,2026-04-13,SELL,AMZN,500,184.1524,USD,J.P. MORGAN SECURITIES LLC,5518-CUST
CUST-20260408-0062,2026-04-08,SELL,MSFT,500,410.2635,USD,J.P. MORGAN SECURITIES LLC,8845-CUST
CUST-20260408-0063,2026-04-08,BUY,COST,200,730.0942,USD,J.P. MORGAN SECURITIES LLC,7731-CUST
CUST-20260413-0064,2026-04-13,BUY,KO,300,60.8277,USD,J.P. MORGAN SECURITIES LLC,6602-CUST
CUST-20260408-0065,2026-04-08,BUY,JNJ,2500,154.1818,USD,J.P. MORGAN SECURITIES LLC,8845-CUST
CUST-20260410-0066,2026-04-10,SELL,MSFT,2500,415.5732,USD,J.P. MORGAN SECURITIES LLC,8845-CUST
CUST-20260409-0067,2026-04-09,SELL,AMZN,100,185.2806,USD,J.P. MORGAN SECURITIES LLC,8845-CUST
CUST-20260409-0068,2026-04-09,BUY,KO,100,61.1416,USD,J.P. MORGAN SECURITIES LLC,4421-CUST
CUST-20260408-0069,2026-04-08,BUY,LLY,1000,766.5807,USD,J.P. MORGAN SECURITIES LLC,7731-CUST
CUST-20260408-0070,2026-04-08,SELL,V,1500,281.8392,USD,J.P. MORGAN SECURITIES LLC,7731-CUST
CUST-20260410-0071,2026-04-10,SELL,MA,2500,476.8956,USD,J.P. MORGAN SECURITIES LLC,7731-CUST
CUST-20260409-0072,2026-04-09,SELL,NVDA,500,900.3087,USD,J.P. MORGAN SECURITIES LLC,8845-CUST
CUST-20260408-0073,2026-04-08,SELL,ABBV,2500,176.1446,USD,J.P. MORGAN SECURITIES LLC,7731-CUST
CUST-20260413-0074,2026-04-13,BUY,LLY,5000,775.2081,USD,J.P. MORGAN SECURITIES LLC,6602-CUST
CUST-20260408-0075,2026-04-08,SELL,META,300,510.154,USD,J.P. MORGAN SECURITIES LLC,4421-CUST
CUST-20260407-0076,2026-04-07,BUY,PG,100,162.5522,USD,J.P. MORGAN SECURITIES LLC,4421-CUST
CUST-20260409-0077,2026-04-09,BUY,PG,500,162.1078,USD,J.P. MORGAN SECURITIES LLC,6602-CUST
CUST-20260410-0078,2026-04-10,BUY,TSLA,1500,179.0104,USD,J.P. MORGAN SECURITIES LLC,6602-CUST
CUST-20260413-0079,2026-04-13,BUY,UNH,5000,509.5055,USD,J.P. MORGAN SECURITIES LLC,6602-CUST
CUST-20260413-0080,2026-04-13,BUY,LLY,100,775.9469,USD,J.P. MORGAN SECURITIES LLC,4421-CUST
CUST-20260410-0081,2026-04-10,SELL,NVDA,300,890.2856,USD,J.P. MORGAN SECURITIES LLC,5518-CUST
CUST-20260408-0082,2026-04-08,BUY,JNJ,100,154.3781,USD,J.P. MORGAN SECURITIES LLC,7731-CUST
CUST-20260409-0083,2026-04-09,BUY,ABBV,1000,175.4152,USD,J.P. MORGAN SECURITIES LLC,5518-CUST
CUST-20260413-0084,2026-04-13,BUY,V,100,282.9123,USD,J.P. MORGAN SECURITIES LLC,7731-CUST
CUST-20260408-0085,2026-04-08,SELL,JNJ,2500,154.2722,USD,J.P. MORGAN SECURITIES LLC,6602-CUST
CUST-20260409-0086,2026-04-09,BUY,LLY,750,768.3597,USD,J.P. MORGAN SECURITIES LLC,5518-CUST
CUST-20260413-0087,2026-04-13,SELL,HD,200,350.068,USD,J.P. MORGAN SECURITIES LLC,4421-CUST
CUST-20260407-0088,2026-04-07,SELL,JPM,750,199.2275,USD,J.P. MORGAN SECURITIES LLC,7731-CUST
CUST-20260409-0089,2026-04-09,SELL,UNH,5000,512.4422,USD,J.P. MORGAN SECURITIES LLC,4421-CUST
CUST-20260407-0090,2026-04-07,BUY,META,200,508.3172,USD,J.P. MORGAN SECURITIES LLC,8845-CUST
CUST-20260409-0091,2026-04-09,BUY,GOOGL,1500,149.4565,USD,J.P. MORGAN SECURITIES LLC,8845-CUST
CUST-20260413-0092,2026-04-13,BUY,V,100,281.8454,USD,J.P. MORGAN SECURITIES LLC,5518-CUST
CUST-20260410-0093,2026-04-10,SELL,NVDA,200,893.431,USD,J.P. MORGAN SECURITIES LLC,4421-CUST
CUST-20260408-0094,2026-04-08,SELL,GOOGL,5000,149.713,USD,J.P. MORGAN SECURITIES LLC,6602-CUST
CUST-20260409-0095,2026-04-09,BUY,TSLA,300,177.2958,USD,J.P. MORGAN SECURITIES LLC,6602-CUST
CUST-20260413-0096,2026-04-13,BUY,JPM,100,196.7369,USD,J.P. MORGAN SECURITIES LLC,6602-CUST
CUST-20260407-0097,2026-04-07,BUY,HD,750,353.6007,USD,J.P. MORGAN SECURITIES LLC,5518-CUST
CUST-20260407-0098,2026-04-07,SELL,V,1500,279.6807,USD,J.P. MORGAN SECURITIES LLC,4421-CUST
CUST-20260408-0099,2026-04-08,BUY,META,5000,510.3219,USD,J.P. MORGAN SECURITIES LLC,7731-CUST
CUST-20260410-0100,2026-04-10,SELL,V,5000,279.6225,USD,J.P. MORGAN SECURITIES LLC,7731-CUST
CUST-20260409-0101,2026-04-09,SELL,META,500,515.928,USD,J.P. MORGAN SECURITIES LLC,4421-CUST
CUST-20260409-0102,2026-04-09,BUY,MSFT,200,412.4265,USD,J.P. MORGAN SECURITIES LLC,5518-CUST
CUST-20260409-0103,2026-04-09,SELL,UNH,1000,512.2628,USD,J.P. MORGAN SECURITIES LLC,8845-CUST
CUST-20260408-0104,2026-04-08,BUY,MA,1500,470.9421,USD,J.P. MORGAN SECURITIES LLC,8845-CUST
CUST-20260410-0105,2026-04-10,SELL,WMT,750,59.7246,USD,J.P. MORGAN SECURITIES LLC,7731-CUST
CUST-20260408-0106,2026-04-08,BUY,V,2500,282.4122,USD,J.P. MORGAN SECURITIES LLC,4421-CUST
CUST-20260408-0107,2026-04-08,SELL,WMT,300,60.2974,USD,J.P. MORGAN SECURITIES LLC,7731-CUST
CUST-20260410-0108,2026-04-10,BUY,AMZN,1000,183.3751,USD,J.P. MORGAN SECURITIES LLC,7731-CUST
CUST-20260408-0109,2026-04-08,SELL,PG,100,160.7668,USD,J.P. MORGAN SECURITIES LLC,7731-CUST
CUST-20260410-0110,2026-04-10,SELL,MSFT,750,416.1437,USD,J.P. MORGAN SECURITIES LLC,5518-CUST
CUST-20260413-0111,2026-04-13,SELL,MSFT,100,412.0971,USD,J.P. MORGAN SECURITIES LLC,4421-CUST
CUST-20260407-0112,2026-04-07,SELL,AAPL,1500,178.9849,USD,MORGAN STANLEY & CO. LLC,5518-CUST
CUST-20260410-0113,2026-04-10,SELL,V,200,279.4791,USD,MORGAN STANLEY & CO. LLC,8845-CUST
CUST-20260407-0114,2026-04-07,BUY,V,5000,279.1301,USD,MORGAN STANLEY & CO. LLC,8845-CUST
CUST-20260408-0115,2026-04-08,BUY,HD,1000,347.9027,USD,MORGAN STANLEY & CO. LLC,5518-CUST
CUST-20260407-0116,2026-04-07,SELL,WMT,500,60.2499,USD,MORGAN STANLEY & CO. LLC,5518-CUST
CUST-20260409-0117,2026-04-09,SELL,LLY,1500,770.2738,USD,MORGAN STANLEY & CO. LLC,4421-CUST
CUST-20260407-0118,2026-04-07,SELL,GOOGL,750,149.0556,USD,MORGAN STANLEY & CO. LLC,7731-CUST
CUST-20260410-0119,2026-04-10,BUY,GOOGL,750,147.3019,USD,MORGAN STANLEY & CO. LLC,7731-CUST
CUST-20260407-0120,2026-04-07,BUY,UNH,200,507.9344,USD,MORGAN STANLEY & CO. LLC,8845-CUST
CUST-20260407-0121,2026-04-07,BUY,MSFT,200,412.4679,USD,MORGAN STANLEY & CO. LLC,8845-CUST
CUST-20260408-0122,2026-04-08,SELL,XOM,750,119.7412,USD,MORGAN STANLEY & CO. LLC,5518-CUST
CUST-20260413-0123,2026-04-13,BUY,NVDA,1500,891.0406,USD,MORGAN STANLEY & CO. LLC,5518-CUST
CUST-20260409-0124,2026-04-09,BUY,TSLA,200,177.7579,USD,MORGAN STANLEY & CO. LLC,8845-CUST
CUST-20260413-0125,2026-04-13,SELL,JNJ,200,153.8384,USD,MORGAN STANLEY & CO. LLC,5518-CUST
CUST-20260408-0126,2026-04-08,SELL,AMZN,100,183.8517,USD,MORGAN STANLEY & CO. LLC,4421-CUST
CUST-20260407-0127,2026-04-07,SELL,GOOGL,5000,148.6372,USD,MORGAN STANLEY & CO. LLC,5518-CUST
CUST-20260408-0128,2026-04-08,BUY,PG,750,161.3576,USD,MORGAN STANLEY & CO. LLC,4421-CUST
CUST-20260409-0129,2026-04-09,BUY,ABBV,2500,175.328,USD,MORGAN STANLEY & CO. LLC,4421-CUST
CUST-20260408-0130,2026-04-08,SELL,GOOGL,2500,149.1001,USD,MORGAN STANLEY & CO. LLC,5518-CUST
CUST-20260409-0131,2026-04-09,BUY,HD,200,352.6926,USD,MORGAN STANLEY & CO. LLC,7731-CUST
CUST-20260410-0132,2026-04-10,SELL,PG,300,162.7335,USD,MORGAN STANLEY & CO. LLC,7731-CUST
CUST-20260407-0133,2026-04-07,SELL,WMT,1500,59.9797,USD,MORGAN STANLEY & CO. LLC,8845-CUST
CUST-20260409-0134,2026-04-09,BUY,ABBV,5000,175.1961,USD,MORGAN STANLEY & CO. LLC,5518-CUST
CUST-20260413-0135,2026-04-13,BUY,MSFT,200,411.7647,USD,MORGAN STANLEY & CO. LLC,5518-CUST
CUST-20260407-0136,2026-04-07,SELL,TSLA,5000,176.7872,USD,MORGAN STANLEY & CO. LLC,8845-CUST
CUST-20260413-0137,2026-04-13,SELL,GOOGL,1500,149.0979,USD,MORGAN STANLEY & CO. LLC,8845-CUST
CUST-20260407-0138,2026-04-07,BUY,KO,1000,60.5843,USD,MORGAN STANLEY & CO. LLC,7731-CUST
CUST-20260410-0139,2026-04-10,SELL,NVDA,1000,891.1461,USD,MORGAN STANLEY & CO. LLC,4421-CUST
CUST-20260407-0140,2026-04-07,SELL,MA,5000,471.5456,USD,MORGAN STANLEY & CO. LLC,7731-CUST
CUST-20260408-0141,2026-04-08,BUY,AMZN,750,183.1732,USD,MORGAN STANLEY & CO. LLC,8845-CUST
CUST-20260413-0142,2026-04-13,BUY,MA,100,476.4534,USD,MORGAN STANLEY & CO. LLC,8845-CUST
CUST-20260407-0143,2026-04-07,SELL,AMZN,1500,186.3567,USD,MORGAN STANLEY & CO. LLC,7731-CUST
CUST-20260413-0144,2026-04-13,BUY,MSFT,200,411.8093,USD,MORGAN STANLEY & CO. LLC,8845-CUST
CUST-20260408-0145,2026-04-08,BUY,JNJ,1500,154.7059,USD,MORGAN STANLEY & CO. LLC,4421-CUST
CUST-20260409-0146,2026-04-09,SELL,ABBV,1500,175.909,USD,MORGAN STANLEY & CO. LLC,8845-CUST
CUST-20260407-0147,2026-04-07,BUY,UNH,1000,507.281,USD,MORGAN STANLEY & CO. LLC,5518-CUST
CUST-20260408-0148,2026-04-08,SELL,UNH,100,517.1556,USD,MORGAN STANLEY & CO. LLC,6602-CUST
CUST-20260407-0149,2026-04-07,SELL,MSFT,2500,411.75,USD,MORGAN STANLEY & CO. LLC,4421-CUST
CUST-20260409-0150,2026-04-09,BUY,PG,100,161.9993,USD,MORGAN STANLEY & CO. LLC,7731-CUST
CUST-20260407-0151,2026-04-07,SELL,PG,2500,162.8423,USD,MORGAN STANLEY & CO. LLC,7731-CUST
CUST-20260409-0152,2026-04-09,SELL,AAPL,1000,179.5567,USD,MORGAN STANLEY & CO. LLC,4421-CUST
CUST-20260409-0153,2026-04-09,BUY,JPM,750,196.5714,USD,MORGAN STANLEY & CO. LLC,7731-CUST
CUST-20260409-0154,2026-04-09,SELL,COST,1000,738.2043,USD,MORGAN STANLEY & CO. LLC,8845-CUST
CUST-20260407-0155,2026-04-07,SELL,WMT,5000,60.0977,USD,MORGAN STANLEY & CO. LLC,6602-CUST
CUST-20260413-0156,2026-04-13,BUY,META,200,508.9581,USD,MORGAN STANLEY & CO. LLC,5518-CUST
CUST-20260410-0157,2026-04-10,BUY,TSLA,750,178.9424,USD,MORGAN STANLEY & CO. LLC,5518-CUST
CUST-20260409-0158,2026-04-09,BUY,AAPL,750,180.0384,USD,MORGAN STANLEY & CO. LLC,8845-CUST
CUST-20260408-0159,2026-04-08,BUY,NVDA,100,903.0812,USD,MORGAN STANLEY & CO. LLC,7731-CUST
CUST-20260413-0160,2026-04-13,SELL,AMZN,300,184.5237,USD,MORGAN STANLEY & CO. LLC,4421-CUST
CUST-20260410-0161,2026-04-10,SELL,KO,5000,60.3602,USD,MORGAN STANLEY & CO. LLC,8845-CUST
CUST-20260410-0162,2026-04-10,SELL,KO,2500,60.1511,USD,MORGAN STANLEY & CO. LLC,6602-CUST
CUST-20260408-0163,2026-04-08,SELL,UNH,300,516.9474,USD,MORGAN STANLEY & CO. LLC,4421-CUST
CUST-20260409-0164,2026-04-09,SELL,HD,2500,353.5795,USD,MORGAN STANLEY & CO. LLC,8845-CUST
CUST-20260409-0165,2026-04-09,SELL,HD,1500,352.5705,USD,MORGAN STANLEY & CO. LLC,6602-CUST
CUST-20260407-0166,2026-04-07,SELL,NVDA,500,889.3683,USD,MORGAN STANLEY & CO. LLC,8845-CUST
CUST-20260409-0167,2026-04-09,SELL,LLY,2500,767.0506,USD,MORGAN STANLEY & CO. LLC,4421-CUST
CUST-20260408-0168,2026-04-08,SELL,AMZN,5000,183.1879,USD,MORGAN STANLEY & CO. LLC,4421-CUST
CUST-20260413-0169,2026-04-13,SELL,V,1000,282.7182,USD,MORGAN STANLEY & CO. LLC,8845-CUST
CUST-20260410-0170,2026-04-10,BUY,AAPL,1500,179.1245,USD,MORGAN STANLEY & CO. LLC,8845-CUST
CUST-20260413-0171,2026-04-13,BUY,MSFT,200,411.8947,USD,MORGAN STANLEY & CO. LLC,6602-CUST
CUST-20260413-0172,2026-04-13,BUY,AMZN,200,184.2958,USD,MORGAN STANLEY & CO. LLC,8845-CUST
CUST-20260409-0173,2026-04-09,SELL,JPM,200,196.2856,USD,MORGAN STANLEY & CO. LLC,6602-CUST
CUST-20260409-0174,2026-04-09,BUY,MSFT,100,413.3245,USD,MORGAN STANLEY & CO. LLC,5518-CUST
CUST-20260413-0175,2026-04-13,SELL,NVDA,300,888.1841,USD,MORGAN STANLEY & CO. LLC,5518-CUST
CUST-20260410-0176,2026-04-10,BUY,V,100,280.6593,USD,MORGAN STANLEY & CO. LLC,4421-CUST
CUST-20260409-0177,2026-04-09,BUY,JPM,5000,196.8049,USD,MORGAN STANLEY & CO. LLC,6602-CUST
CUST-20260413-0178,2026-04-13,BUY,GOOGL,500,148.9673,USD,MORGAN STANLEY & CO. LLC,6602-CUST
CUST-20260410-0179,2026-04-10,SELL,XOM,100,119.5446,USD,CITIGROUP GLOBAL MARKETS INC.,4421-CUST
CUST-20260409-0180,2026-04-09,SELL,AAPL,2500,179.4899,USD,CITIGROUP GLOBAL MARKETS INC.,4421-CUST
CUST-20260410-0181,2026-04-10,SELL,MA,750,475.211,USD,CITIGROUP GLOBAL MARKETS INC.,4421-CUST
CUST-20260413-0182,2026-04-13,BUY,WMT,300,60.4109,USD,CITIGROUP GLOBAL MARKETS INC.,5518-CUST
CUST-20260407-0183,2026-04-07,BUY,KO,200,60.4623,USD,CITIGROUP GLOBAL MARKETS INC.,4421-CUST
CUST-20260410-0184,2026-04-10,SELL,WMT,100,59.8326,USD,CITIGROUP GLOBAL MARKETS INC.,7731-CUST
CUST-20260407-0185,2026-04-07,BUY,V,100,280.3575,USD,CITIGROUP GLOBAL MARKETS INC.,7731-CUST
CUST-20260413-0186,2026-04-13,SELL,HD,300,349.8195,USD,CITIGROUP GLOBAL MARKETS INC.,4421-CUST
CUST-20260407-0187,2026-04-07,SELL,JPM,1000,198.5448,USD,CITIGROUP GLOBAL MARKETS INC.,4421-CUST
CUST-20260407-0188,2026-04-07,BUY,AAPL,200,178.5379,USD,CITIGROUP GLOBAL MARKETS INC.,4421-CUST
CUST-20260408-0189,2026-04-08,SELL,ABBV,100,176.4757,USD,CITIGROUP GLOBAL MARKETS INC.,6602-CUST
CUST-20260413-0190,2026-04-13,BUY,V,2500,282.0809,USD,CITIGROUP GLOBAL MARKETS INC.,5518-CUST
CUST-20260409-0191,2026-04-09,SELL,UNH,5000,512.3477,USD,CITIGROUP GLOBAL MARKETS INC.,6602-CUST
CUST-20260409-0192,2026-04-09,BUY,WMT,2500,59.8669,USD,CITIGROUP GLOBAL MARKETS INC.,4421-CUST
CUST-20260410-0193,2026-04-10,BUY,PG,750,163.4418,USD,CITIGROUP GLOBAL MARKETS INC.,4421-CUST
CUST-20260413-0194,2026-04-13,BUY,UNH,1000,508.4243,USD,CITIGROUP GLOBAL MARKETS INC.,4421-CUST
CUST-20260408-0195,2026-04-08,BUY,WMT,5000,60.4039,USD,CITIGROUP GLOBAL MARKETS INC.,8845-CUST
CUST-20260409-0196,2026-04-09,BUY,MSFT,2500,412.5662,USD,CITIGROUP GLOBAL MARKETS INC.,5518-CUST
CUST-20260408-0197,2026-04-08,BUY,JNJ,500,154.6532,USD,CITIGROUP GLOBAL MARKETS INC.,8845-CUST
CUST-20260413-0198,2026-04-13,BUY,HD,300,349.1587,USD,CITIGROUP GLOBAL MARKETS INC.,7731-CUST
CUST-20260410-0199,2026-04-10,SELL,LLY,100,777.3716,USD,CITIGROUP GLOBAL MARKETS INC.,8845-CUST
CUST-20260407-0200,2026-04-07,BUY,TSLA,1500,176.067,USD,CITIGROUP GLOBAL MARKETS INC.,6602-CUST
CUST-20260409-0201,2026-04-09,BUY,LLY,1500,766.6644,USD,CITIGROUP GLOBAL MARKETS INC.,8845-CUST
CUST-20260413-0202,2026-04-13,BUY,KO,200,60.7631,USD,CITIGROUP GLOBAL MARKETS INC.,8845-CUST
CUST-20260407-0203,2026-04-07,SELL,V,500,280.1407,USD,CITIGROUP GLOBAL MARKETS INC.,5518-CUST
CUST-20260407-0204,2026-04-07,BUY,PG,1500,162.4037,USD,CITIGROUP GLOBAL MARKETS INC.,5518-CUST
CUST-20260409-0205,2026-04-09,SELL,KO,500,61.0872,USD,CITIGROUP GLOBAL MARKETS INC.,6602-CUST
CUST-20260407-0206,2026-04-07,SELL,GOOGL,2500,148.7706,USD,CITIGROUP GLOBAL MARKETS INC.,8845-CUST
CUST-20260409-0207,2026-04-09,SELL,ABBV,100,175.2666,USD,CITIGROUP GLOBAL MARKETS INC.,8845-CUST
CUST-20260409-0208,2026-04-09,BUY,PG,1000,162.0018,USD,CITIGROUP GLOBAL MARKETS INC.,6602-CUST
CUST-20260408-0209,2026-04-08,BUY,JNJ,300,154.717,USD,CITIGROUP GLOBAL MARKETS INC.,7731-CUST
CUST-20260407-0210,2026-04-07,BUY,KO,200,60.5445,USD,CITIGROUP GLOBAL MARKETS INC.,7731-CUST
CUST-20260409-0211,2026-04-09,BUY,NVDA,2500,898.5524,USD,CITIGROUP GLOBAL MARKETS INC.,7731-CUST
CUST-20260407-0212,2026-04-07,BUY,HD,2500,354.7042,USD,CITIGROUP GLOBAL MARKETS INC.,8845-CUST
CUST-20260413-0213,2026-04-13,SELL,MSFT,1500,412.0443,USD,CITIGROUP GLOBAL MARKETS INC.,4421-CUST
CUST-20260409-0214,2026-04-09,SELL,HD,300,352.8341,USD,CITIGROUP GLOBAL MARKETS INC.,6602-CUST
CUST-20260408-0215,2026-04-08,SELL,GOOGL,200,149.5837,USD,CITIGROUP GLOBAL MARKETS INC.,5518-CUST
CUST-20260413-0216,2026-04-13,SELL,TSLA,2500,176.584,USD,CITIGROUP GLOBAL MARKETS INC.,6602-CUST
CUST-20260408-0217,2026-04-08,BUY,META,500,510.7104,USD,CITIGROUP GLOBAL MARKETS INC.,6602-CUST
CUST-20260410-0218,2026-04-10,BUY,AMZN,500,183.6847,USD,CITIGROUP GLOBAL MARKETS INC.,5518-CUST
CUST-20260409-0219,2026-04-09,BUY,XOM,2500,120.0145,USD,CITIGROUP GLOBAL MARKETS INC.,4421-CUST
CUST-20260407-0220,2026-04-07,SELL,JPM,1500,198.4919,USD,CITIGROUP GLOBAL MARKETS INC.,7731-CUST
CUST-20260410-0221,2026-04-10,SELL,MSFT,1000,414.8862,USD,CITIGROUP GLOBAL MARKETS INC.,6602-CUST
CUST-20260413-0222,2026-04-13,BUY,V,500,281.8174,USD,CITIGROUP GLOBAL MARKETS INC.,4421-CUST
CUST-20260410-0223,2026-04-10,BUY,WMT,300,59.6927,USD,CITIGROUP GLOBAL MARKETS INC.,4421-CUST
CUST-20260408-0224,2026-04-08,SELL,AMZN,1500,182.9997,USD,CITIGROUP GLOBAL MARKETS INC.,7731-CUST
CUST-20260413-0225,2026-04-13,BUY,KO,300,60.5997,USD,CITIGROUP GLOBAL MARKETS INC.,6602-CUST
CUST-20260413-0226,2026-04-13,SELL,NVDA,200,890.2321,USD,CITIGROUP GLOBAL MARKETS INC.,5518-CUST
CUST-20260409-0227,2026-04-09,BUY,META,200,516.9739,USD,CITIGROUP GLOBAL MARKETS INC.,5518-CUST
CUST-20260410-0228,2026-04-10,SELL,UNH,5000,516.477,USD,CITIGROUP GLOBAL MARKETS INC.,6602-CUST
CUST-20260410-0229,2026-04-10,BUY,ABBV,2500,176.4976,USD,CITIGROUP GLOBAL MARKETS INC.,8845-CUST
CUST-20260410-0230,2026-04-10,BUY,ABBV,300,176.4538,USD,CITIGROUP GLOBAL MARKETS INC.,5518-CUST
CUST-20260407-0231,2026-04-07,SELL,LLY,300,776.5561,USD,CITIGROUP GLOBAL MARKETS INC.,4421-CUST
CUST-20260408-0232,2026-04-08,SELL,LLY,1000,768.8968,USD,CITIGROUP GLOBAL MARKETS INC.,7731-CUST
CUST-20260413-0233,2026-04-13,SELL,MA,1500,477.6644,USD,CITIGROUP GLOBAL MARKETS INC.,8845-CUST
CUST-20260410-0234,2026-04-10,BUY,AMZN,1000,183.1891,USD,CITIGROUP GLOBAL MARKETS INC.,6602-CUST
CUST-20260413-0235,2026-04-13,BUY,JPM,500,196.6157,USD,CITIGROUP GLOBAL MARKETS INC.,5518-CUST
CUST-20260413-0236,2026-04-13,BUY,HD,750,349.1346,USD,CITIGROUP GLOBAL MARKETS INC.,4421-CUST
CUST-20260410-0237,2026-04-10,SELL,XOM,100,119.578,USD,CITIGROUP GLOBAL MARKETS INC.,5518-CUST
CUST-20260410-0238,2026-04-10,BUY,ABBV,750,176.2431,USD,CITIGROUP GLOBAL MARKETS INC.,5518-CUST
CUST-20260407-0239,2026-04-07,SELL,GOOGL,500,149.0316,USD,CITIGROUP GLOBAL MARKETS INC.,8845-CUST
CUST-20260407-0240,2026-04-07,BUY,AAPL,200,178.9159,USD,"MERRILL LYNCH, PIERCE, FENNER & SMITH INCORPORATED",8845-CUST
CUST-20260407-0241,2026-04-07,BUY,JNJ,1000,153.4391,USD,"MERRILL LYNCH, PIERCE, FENNER & SMITH INCORPORATED",8845-CUST
CUST-20260408-0242,2026-04-08,SELL,NVDA,200,903.1973,USD,"MERRILL LYNCH, PIERCE, FENNER & SMITH INCORPORATED",4421-CUST
CUST-20260408-0243,2026-04-08,BUY,JPM,200,197.7189,USD,"MERRILL LYNCH, PIERCE, FENNER & SMITH INCORPORATED",4421-CUST
CUST-20260413-0244,2026-04-13,SELL,TSLA,750,176.9789,USD,"MERRILL LYNCH, PIERCE, FENNER & SMITH INCORPORATED",7731-CUST
CUST-20260407-0245,2026-04-07,SELL,JNJ,1000,153.5052,USD,"MERRILL LYNCH, PIERCE, FENNER & SMITH INCORPORATED",7731-CUST
CUST-20260408-0246,2026-04-08,SELL,WMT,1500,60.4132,USD,"MERRILL LYNCH, PIERCE, FENNER & SMITH INCORPORATED",5518-CUST
CUST-20260410-0247,2026-04-10,SELL,HD,750,355.1784,USD,"MERRILL LYNCH, PIERCE, FENNER & SMITH INCORPORATED",7731-CUST
CUST-20260408-0248,2026-04-08,BUY,AAPL,2500,178.3345,USD,"MERRILL LYNCH, PIERCE, FENNER & SMITH INCORPORATED",8845-CUST
CUST-20260408-0249,2026-04-08,BUY,TSLA,750,178.9505,USD,"MERRILL LYNCH, PIERCE, FENNER & SMITH INCORPORATED",6602-CUST
CUST-20260413-0250,2026-04-13,BUY,COST,200,730.2347,USD,"MERRILL LYNCH, PIERCE, FENNER & SMITH INCORPORATED",8845-CUST
CUST-20260409-0251,2026-04-09,BUY,COST,1500,736.1459,USD,"MERRILL LYNCH, PIERCE, FENNER & SMITH INCORPORATED",4421-CUST
CUST-20260408-0252,2026-04-08,SELL,ABBV,5000,176.3506,USD,"MERRILL LYNCH, PIERCE, FENNER & SMITH INCORPORATED",6602-CUST
CUST-20260413-0253,2026-04-13,BUY,COST,300,731.0899,USD,"MERRILL LYNCH, PIERCE, FENNER & SMITH INCORPORATED",6602-CUST
CUST-20260410-0254,2026-04-10,SELL,PG,100,163.1615,USD,"MERRILL LYNCH, PIERCE, FENNER & SMITH INCORPORATED",5518-CUST
CUST-20260410-0255,2026-04-10,SELL,AAPL,5000,178.8728,USD,"MERRILL LYNCH, PIERCE, FENNER & SMITH INCORPORATED",5518-CUST
CUST-20260413-0256,2026-04-13,SELL,COST,200,733.1168,USD,"MERRILL LYNCH, PIERCE, FENNER & SMITH INCORPORATED",8845-CUST
CUST-20260410-0257,2026-04-10,BUY,LLY,5000,775.2826,USD,"MERRILL LYNCH, PIERCE, FENNER & SMITH INCORPORATED",6602-CUST
CUST-20260413-0258,2026-04-13,BUY,MA,750,476.5308,USD,"MERRILL LYNCH, PIERCE, FENNER & SMITH INCORPORATED",8845-CUST
CUST-20260407-0259,2026-04-07,SELL,ABBV,300,174.9901,USD,"MERRILL LYNCH, PIERCE, FENNER & SMITH INCORPORATED",6602-CUST
CUST-20260409-0260,2026-04-09,BUY,UNH,100,512.3744,USD,"MERRILL LYNCH, PIERCE, FENNER & SMITH INCORPORATED",5518-CUST
CUST-20260408-0261,2026-04-08,BUY,MSFT,300,410.8582,USD,"MERRILL LYNCH, PIERCE, FENNER & SMITH INCORPORATED",5518-CUST
CUST-20260410-0262,2026-04-10,SELL,JNJ,200,155.3112,USD,"MERRILL LYNCH, PIERCE, FENNER & SMITH INCORPORATED",4421-CUST
CUST-20260410-0263,2026-04-10,BUY,XOM,5000,119.7631,USD,"MERRILL LYNCH, PIERCE, FENNER & SMITH INCORPORATED",4421-CUST
CUST-20260407-0264,2026-04-07,SELL,MA,500,471.9993,USD,"MERRILL LYNCH, PIERCE, FENNER & SMITH INCORPORATED",6602-CUST
CUST-20260410-0265,2026-04-10,BUY,JNJ,1500,155.207,USD,"MERRILL LYNCH, PIERCE, FENNER & SMITH INCORPORATED",6602-CUST
CUST-20260410-0266,2026-04-10,SELL,UNH,750,517.1509,USD,"MERRILL LYNCH, PIERCE, FENNER & SMITH INCORPORATED",5518-CUST
CUST-20260408-0267,2026-04-08,SELL,LLY,500,767.0425,USD,"MERRILL LYNCH, PIERCE, FENNER & SMITH INCORPORATED",4421-CUST
CUST-20260410-0268,2026-04-10,SELL,ABBV,1000,176.4584,USD,"MERRILL LYNCH, PIERCE, FENNER & SMITH INCORPORATED",5518-CUST
CUST-20260409-0269,2026-04-09,SELL,JPM,5000,196.6967,USD,"MERRILL LYNCH, PIERCE, FENNER & SMITH INCORPORATED",5518-CUST
CUST-20260409-0270,2026-04-09,SELL,HD,500,352.9514,USD,"MERRILL LYNCH, PIERCE, FENNER & SMITH INCORPORATED",5518-CUST
CUST-20260407-0271,2026-04-07,SELL,COST,2500,737.0701,USD,"MERRILL LYNCH, PIERCE, FENNER & SMITH INCORPORATED",4421-CUST
CUST-20260407-0272,2026-04-07,SELL,MA,500,472.3843,USD,"MERRILL LYNCH, PIERCE, FENNER & SMITH INCORPORATED",4421-CUST
CUST-20260410-0273,2026-04-10,SELL,AAPL,5000,179.2816,USD,"MERRILL LYNCH, PIERCE, FENNER & SMITH INCORPORATED",6602-CUST
CUST-20260413-0274,2026-04-13,BUY,WMT,5000,60.4541,USD,"MERRILL LYNCH, PIERCE, FENNER & SMITH INCORPORATED",8845-CUST
CUST-20260410-0275,2026-04-10,BUY,KO,300,60.1114,USD,"MERRILL LYNCH, PIERCE, FENNER & SMITH INCORPORATED",8845-CUST
CUST-20260407-0276,2026-04-07,SELL,ABBV,5000,174.7409,USD,"MERRILL LYNCH, PIERCE, FENNER & SMITH INCORPORATED",7731-CUST
CUST-20260409-0277,2026-04-09,SELL,KO,1500,61.1007,USD,"MERRILL LYNCH, PIERCE, FENNER & SMITH INCORPORATED",7731-CUST
CUST-20260410-0278,2026-04-10,SELL,KO,500,60.2113,USD,"MERRILL LYNCH, PIERCE, FENNER & SMITH INCORPORATED",4421-CUST
CUST-20260407-0279,2026-04-07,BUY,WMT,500,60.0513,USD,"MERRILL LYNCH, PIERCE, FENNER & SMITH INCORPORATED",6602-CUST
CUST-20260408-0280,2026-04-08,SELL,XOM,500,119.7047,USD,"MERRILL LYNCH, PIERCE, FENNER & SMITH INCORPORATED",7731-CUST
CUST-20260407-0281,2026-04-07,BUY,MA,2500,471.921,USD,"MERRILL LYNCH, PIERCE, FENNER & SMITH INCORPORATED",8845-CUST
CUST-20260409-0282,2026-04-09,BUY,JNJ,1500,153.6876,USD,"MERRILL LYNCH, PIERCE, FENNER & SMITH INCORPORATED",7731-CUST
CUST-20260410-0283,2026-04-10,SELL,KO,300,60.3815,USD,"MERRILL LYNCH, PIERCE, FENNER & SMITH INCORPORATED",6602-CUST
CUST-20260410-0284,2026-04-10,SELL,MSFT,2500,414.9763,USD,"MERRILL LYNCH, PIERCE, FENNER & SMITH INCORPORATED",4421-CUST
CUST-20260408-0285,2026-04-08,BUY,JPM,5000,197.709,USD,"MERRILL LYNCH, PIERCE, FENNER & SMITH INCORPORATED",6602-CUST
CUST-20260408-0286,2026-04-08,SELL,MA,200,472.6255,USD,"MERRILL LYNCH, PIERCE, FENNER & SMITH INCORPORATED",4421-CUST
CUST-20260413-0287,2026-04-13,BUY,JNJ,1000,153.3087,USD,"MERRILL LYNCH, PIERCE, FENNER & SMITH INCORPORATED",4421-CUST
CUST-20260410-0288,2026-04-10,SELL,JPM,2500,196.4363,USD,"MERRILL LYNCH, PIERCE, FENNER & SMITH INCORPORATED",8845-CUST
CUST-20260408-0289,2026-04-08,SELL,LLY,1500,767.6261,USD,"MERRILL LYNCH, PIERCE, FENNER & SMITH INCORPORATED",7731-CUST
CUST-20260409-0290,2026-04-09,SELL,AMZN,750,185.399,USD,"MERRILL LYNCH, PIERCE, FENNER & SMITH INCORPORATED",5518-CUST
CUST-20260407-0291,2026-04-07,SELL,NVDA,100,889.081,USD,"MERRILL LYNCH, PIERCE, FENNER & SMITH INCORPORATED",7731-CUST
CUST-20260410-0292,2026-04-10,BUY,JNJ,2500,154.9118,USD,"MERRILL LYNCH, PIERCE, FENNER & SMITH INCORPORATED",4421-CUST
CUST-20260408-0293,2026-04-08,BUY,XOM,750,119.5352,USD,"MERRILL LYNCH, PIERCE, FENNER & SMITH INCORPORATED",6602-CUST
CUST-20260407-0294,2026-04-07,SELL,PG,300,162.828,USD,"MERRILL LYNCH, PIERCE, FENNER & SMITH INCORPORATED",8845-CUST
CUST-20260408-0295,2026-04-08,SELL,JNJ,750,154.797,USD,"MERRILL LYNCH, PIERCE, FENNER & SMITH INCORPORATED",8845-CUST
CUST-20260410-0296,2026-04-10,SELL,LLY,300,776.6938,USD,"MERRILL LYNCH, PIERCE, FENNER & SMITH INCORPORATED",6602-CUST
CUST-20260409-0297,2026-04-09,BUY,WMT,100,59.9586,USD,"MERRILL LYNCH, PIERCE, FENNER & SMITH INCORPORATED",5518-CUST
CUST-20260410-0298,2026-04-10,SELL,AAPL,200,179.3054,USD,"MERRILL LYNCH, PIERCE, FENNER & SMITH INCORPORATED",7731-CUST
CUST-20260407-0299,2026-04-07,SELL,META,200,508.394,USD,"MERRILL LYNCH, PIERCE, FENNER & SMITH INCORPORATED",6602-CUST
CUST-20260413-0300,2026-04-13,BUY,MA,1000,478.0149,USD,"MERRILL LYNCH, PIERCE, FENNER & SMITH INCORPORATED",5518-CUST
CUST-20260413-0301,2026-04-13,SELL,AAPL,1500,177.1965,USD,"MERRILL LYNCH, PIERCE, FENNER & SMITH INCORPORATED",7731-CUST
CUST-20260407-0302,2026-04-07,BUY,META,300,509.4348,USD,"MERRILL LYNCH, PIERCE, FENNER & SMITH INCORPORATED",7731-CUST
CUST-20260407-0303,2026-04-07,BUY,V,1500,279.7461,USD,"MERRILL LYNCH, PIERCE, FENNER & SMITH INCORPORATED",4421-CUST
CUST-20260409-0304,2026-04-09,BUY,JPM,2500,195.9501,USD,JEFFERIES LLC,7731-CUST
CUST-20260409-0305,2026-04-09,SELL,XOM,300,119.7191,USD,JEFFERIES LLC,7731-CUST
CUST-20260409-0306,2026-04-09,SELL,XOM,750,119.8369,USD,JEFFERIES LLC,8845-CUST
CUST-20260407-0307,2026-04-07,BUY,GOOGL,5000,148.7141,USD,JEFFERIES LLC,6602-CUST
CUST-20260408-0308,2026-04-08,SELL,JPM,500,197.6799,USD,JEFFERIES LLC,7731-CUST
CUST-20260408-0309,2026-04-08,BUY,TSLA,1000,178.5128,USD,JEFFERIES LLC,6602-CUST
CUST-20260408-0310,2026-04-08,BUY,XOM,100,119.7629,USD,JEFFERIES LLC,6602-CUST
CUST-20260409-0311,2026-04-09,SELL,WMT,5000,60.0984,USD,JEFFERIES LLC,7731-CUST
CUST-20260410-0312,2026-04-10,BUY,ABBV,5000,176.4341,USD,JEFFERIES LLC,5518-CUST
CUST-20260409-0313,2026-04-09,SELL,COST,100,737.42,USD,JEFFERIES LLC,7731-CUST
CUST-20260409-0314,2026-04-09,SELL,AAPL,2500,179.4607,USD,JEFFERIES LLC,6602-CUST
CUST-20260407-0315,2026-04-07,BUY,META,300,509.9698,USD,JEFFERIES LLC,8845-CUST
CUST-20260408-0316,2026-04-08,SELL,KO,500,61.178,USD,JEFFERIES LLC,6602-CUST
CUST-20260407-0317,2026-04-07,BUY,XOM,500,118.4432,USD,JEFFERIES LLC,7731-CUST
CUST-20260407-0318,2026-04-07,SELL,AMZN,1500,186.4804,USD,JEFFERIES LLC,5518-CUST
CUST-20260413-0319,2026-04-13,SELL,XOM,300,120.594,USD,JEFFERIES LLC,7731-CUST
CUST-20260409-0320,2026-04-09,BUY,GOOGL,200,148.9977,USD,JEFFERIES LLC,7731-CUST
CUST-20260413-0321,2026-04-13,SELL,WMT,200,60.4667,USD,JEFFERIES LLC,7731-CUST
CUST-20260409-0322,2026-04-09,SELL,HD,2500,352.1824,USD,JEFFERIES LLC,4421-CUST
CUST-20260408-0323,2026-04-08,BUY,NVDA,200,902.957,USD,JEFFERIES LLC,8845-CUST
CUST-20260413-0324,2026-04-13,SELL,MA,200,476.5343,USD,JEFFERIES LLC,7731-CUST
CUST-20260409-0325,2026-04-09,SELL,TSLA,500,177.5662,USD,JEFFERIES LLC,8845-CUST
CUST-20260410-0326,2026-04-10,SELL,JPM,300,196.311,USD,JEFFERIES LLC,4421-CUST
CUST-20260413-0327,2026-04-13,BUY,WMT,750,60.5592,USD,JEFFERIES LLC,5518-CUST
CUST-20260413-0328,2026-04-13,BUY,META,1500,508.9891,USD,JEFFERIES LLC,4421-CUST
CUST-20260407-0329,2026-04-07,SELL,AAPL,1000,178.8989,USD,JEFFERIES LLC,5518-CUST
CUST-20260413-0330,2026-04-13,SELL,PG,300,161.0327,USD,JEFFERIES LLC,4421-CUST
CUST-20260407-0331,2026-04-07,BUY,GOOGL,300,148.6534,USD,JEFFERIES LLC,5518-CUST
CUST-20260407-0332,2026-04-07,BUY,WMT,750,60.1146,USD,JEFFERIES LLC,7731-CUST
CUST-20260408-0333,2026-04-08,SELL,NVDA,5000,901.5335,USD,JEFFERIES LLC,6602-CUST
CUST-20260408-0334,2026-04-08,SELL,MA,5000,472.5098,USD,JEFFERIES LLC,5518-CUST
CUST-20260409-0335,2026-04-09,SELL,GOOGL,2500,149.0037,USD,JEFFERIES LLC,5518-CUST
CUST-20260413-0336,2026-04-13,SELL,TSLA,750,176.7545,USD,JEFFERIES LLC,6602-CUST
CUST-20260407-0337,2026-04-07,SELL,COST,100,737.0362,USD,JEFFERIES LLC,8845-CUST
CUST-20260410-0338,2026-04-10,SELL,AMZN,1000,182.8804,USD,JEFFERIES LLC,5518-CUST
CUST-20260413-0339,2026-04-13,BUY,ABBV,1000,176.0587,USD,JEFFERIES LLC,7731-CUST
CUST-20260408-0340,2026-04-08,SELL,KO,500,61.0537,USD,JEFFERIES LLC,6602-CUST
CUST-20260408-0341,2026-04-08,BUY,UNH,200,515.8103,USD,JEFFERIES LLC,5518-CUST
CUST-20260413-0342,2026-04-13,SELL,PG,2500,161.2096,USD,JEFFERIES LLC,5518-CUST
CUST-20260407-0343,2026-04-07,BUY,JPM,1000,199.2485,USD,JEFFERIES LLC,5518-CUST
CUST-20260410-0344,2026-04-10,BUY,COST,5000,729.7621,USD,JEFFERIES LLC,7731-CUST
CUST-20260413-0345,2026-04-13,SELL,NVDA,300,891.1321,USD,JEFFERIES LLC,6602-CUST
CUST-20260413-0346,2026-04-13,BUY,MA,2500,478.2802,USD,JEFFERIES LLC,5518-CUST
CUST-20260408-0347,2026-04-08,SELL,JPM,2500,197.3375,USD,JEFFERIES LLC,8845-CUST
CUST-20260413-0348,2026-04-13,BUY,V,100,282.4685,USD,JEFFERIES LLC,8845-CUST
CUST-20260410-0349,2026-04-10,BUY,LLY,5000,775.4073,USD,JEFFERIES LLC,5518-CUST
CUST-20260409-0350,2026-04-09,SELL,UNH,100,512.2687,USD,JEFFERIES LLC,6602-CUST
CUST-20260413-0351,2026-04-13,BUY,MA,500,478.2058,USD,JEFFERIES LLC,7731-CUST
CUST-20260413-0352,2026-04-13,SELL,JPM,1000,196.695,USD,JEFFERIES LLC,8845-CUST
CUST-20260410-0353,2026-04-10,BUY,V,1500,279.4441,USD,JEFFERIES LLC,4421-CUST
CUST-20260413-0354,2026-04-13,BUY,JPM,300,196.5235,USD,JEFFERIES LLC,6602-CUST
CUST-20260409-0355,2026-04-09,SELL,KO,1000,61.1363,USD,JEFFERIES LLC,6602-CUST
CUST-20260413-0356,2026-04-13,SELL,HD,5000,350.5336,USD,JEFFERIES LLC,4421-CUST
CUST-20260413-0357,2026-04-13,SELL,GOOGL,750,148.5227,USD,JEFFERIES LLC,8845-CUST
CUST-20260410-0358,2026-04-10,SELL,GOOGL,5000,147.1358,USD,JEFFERIES LLC,5518-CUST
CUST-20260413-0359,2026-04-13,SELL,NVDA,5000,892.013,USD,JEFFERIES LLC,7731-CUST
CUST-20260408-0360,2026-04-08,BUY,GOOGL,500,149.0872,USD,JEFFERIES LLC,5518-CUST
CUST-20260413-0361,2026-04-13,SELL,KO,5000,60.6526,USD,JEFFERIES LLC,6602-CUST
CUST-20260409-0362,2026-04-09,BUY,GOOGL,1500,149.1085,USD,JEFFERIES LLC,6602-CUST
CUST-20260413-0363,2026-04-13,BUY,KO,750,60.7021,USD,JEFFERIES LLC,7731-CUST
CUST-20260410-0364,2026-04-10,BUY,XOM,200,119.7765,USD,JANE STREET CAPITAL LLC,6602-CUST
CUST-20260409-0365,2026-04-09,BUY,UNH,5000,510.6087,USD,JANE STREET CAPITAL LLC,4421-CUST
CUST-20260408-0366,2026-04-08,SELL,GOOGL,500,149.2393,USD,JANE STREET CAPITAL LLC,6602-CUST
CUST-20260410-0367,2026-04-10,BUY,AMZN,500,183.3725,USD,JANE STREET CAPITAL LLC,6602-CUST
CUST-20260409-0368,2026-04-09,BUY,WMT,100,60.0629,USD,JANE STREET CAPITAL LLC,8845-CUST
CUST-20260407-0369,2026-04-07,SELL,JPM,500,198.8183,USD,JANE STREET CAPITAL LLC,6602-CUST
CUST-20260409-0370,2026-04-09,SELL,PG,750,162.531,USD,JANE STREET CAPITAL LLC,6602-CUST
CUST-20260408-0371,2026-04-08,BUY,GOOGL,200,149.0369,USD,JANE STREET CAPITAL LLC,5518-CUST
CUST-20260407-0372,2026-04-07,BUY,META,1000,508.6672,USD,JANE STREET CAPITAL LLC,4421-CUST
CUST-20260410-0373,2026-04-10,SELL,TSLA,200,179.1004,USD,JANE STREET CAPITAL LLC,7731-CUST
CUST-20260408-0374,2026-04-08,BUY,MA,200,470.9495,USD,JANE STREET CAPITAL LLC,6602-CUST
CUST-20260410-0375,2026-04-10,BUY,COST,500,729.3969,USD,JANE STREET CAPITAL LLC,5518-CUST
CUST-20260409-0376,2026-04-09,SELL,MSFT,500,413.5334,USD,JANE STREET CAPITAL LLC,6602-CUST
CUST-20260409-0377,2026-04-09,SELL,V,300,279.7418,USD,JANE STREET CAPITAL LLC,4421-CUST
CUST-20260410-0378,2026-04-10,SELL,UNH,1500,517.141,USD,JANE STREET CAPITAL LLC,4421-CUST
CUST-20260409-0379,2026-04-09,BUY,AMZN,750,185.7822,USD,JANE STREET CAPITAL LLC,5518-CUST
CUST-20260413-0380,2026-04-13,SELL,AMZN,200,184.2419,USD,JANE STREET CAPITAL LLC,6602-CUST
CUST-20260410-0381,2026-04-10,SELL,XOM,200,119.6958,USD,JANE STREET CAPITAL LLC,4421-CUST
CUST-20260409-0382,2026-04-09,BUY,NVDA,2500,898.5064,USD,JANE STREET CAPITAL LLC,6602-CUST
CUST-20260409-0383,2026-04-09,SELL,UNH,300,511.0574,USD,JANE STREET CAPITAL LLC,4421-CUST
CUST-20260410-0384,2026-04-10,SELL,KO,750,60.2494,USD,JANE STREET CAPITAL LLC,5518-CUST
CUST-20260407-0385,2026-04-07,BUY,AMZN,2500,186.1351,USD,JANE STREET CAPITAL LLC,4421-CUST
CUST-20260410-0386,2026-04-10,SELL,NVDA,500,890.2951,USD,JANE STREET CAPITAL LLC,4421-CUST
CUST-20260413-0387,2026-04-13,BUY,UNH,750,508.3842,USD,JANE STREET CAPITAL LLC,4421-CUST
CUST-20260408-0388,2026-04-08,BUY,ABBV,2500,175.8859,USD,JANE STREET CAPITAL LLC,6602-CUST
CUST-20260413-0389,2026-04-13,SELL,UNH,100,509.7695,USD,JANE STREET CAPITAL LLC,8845-CUST
CUST-20260413-0390,2026-04-13,BUY,TSLA,750,176.923,USD,JANE STREET CAPITAL LLC,6602-CUST
CUST-20260413-0391,2026-04-13,SELL,NVDA,1500,888.5057,USD,JANE STREET CAPITAL LLC,4421-CUST
CUST-20260407-0392,2026-04-07,BUY,V,1000,279.7471,USD,JANE STREET CAPITAL LLC,5518-CUST
CUST-20260408-0393,2026-04-08,SELL,HD,200,348.8674,USD,JANE STREET CAPITAL LLC,5518-CUST
CUST-20260413-0394,2026-04-13,BUY,WMT,300,60.4577,USD,JANE STREET CAPITAL LLC,7731-CUST
CUST-20260413-0395,2026-04-13,BUY,MSFT,750,412.9279,USD,JANE STREET CAPITAL LLC,5518-CUST
CUST-20260410-0396,2026-04-10,BUY,ABBV,5000,176.7073,USD,JANE STREET CAPITAL LLC,6602-CUST
CUST-20260409-0397,2026-04-09,SELL,NVDA,1500,899.3782,USD,JANE STREET CAPITAL LLC,7731-CUST
CUST-20260413-0398,2026-04-13,SELL,AAPL,500,177.2611,USD,JANE STREET CAPITAL LLC,6602-CUST
CUST-20260407-0399,2026-04-07,BUY,JPM,200,199.3234,USD,JANE STREET CAPITAL LLC,6602-CUST
CUST-20260408-0400,2026-04-08,BUY,JPM,1500,197.0947,USD,JANE STREET CAPITAL LLC,8845-CUST
CUST-20260407-0401,2026-04-07,SELL,XOM,200,118.4343,USD,JANE STREET CAPITAL LLC,6602-CUST
CUST-20260410-0402,2026-04-10,SELL,AMZN,5000,183.7586,USD,JANE STREET CAPITAL LLC,7731-CUST
CUST-20260408-0403,2026-04-08,BUY,WMT,5000,60.1482,USD,JANE STREET CAPITAL LLC,4421-CUST
CUST-20260407-0404,2026-04-07,SELL,COST,300,736.8632,USD,JANE STREET CAPITAL LLC,5518-CUST
CUST-20260407-0405,2026-04-07,BUY,JNJ,1500,154.0396,USD,JANE STREET CAPITAL LLC,5518-CUST
CUST-20260410-0406,2026-04-10,SELL,XOM,1000,120.0792,USD,JANE STREET CAPITAL LLC,5518-CUST
CUST-20260409-0407,2026-04-09,BUY,KO,2500,61.3432,USD,JANE STREET CAPITAL LLC,4421-CUST
CUST-20260407-0408,2026-04-07,SELL,AAPL,2500,178.9544,USD,JANE STREET CAPITAL LLC,4421-CUST
CUST-20260408-0409,2026-04-08,BUY,JNJ,750,154.4413,USD,JANE STREET CAPITAL LLC,5518-CUST
CUST-20260410-0410,2026-04-10,SELL,UNH,750,517.5845,USD,JANE STREET CAPITAL LLC,8845-CUST
CUST-20260409-0411,2026-04-09,SELL,JNJ,500,153.8148,USD,JANE STREET CAPITAL LLC,4421-CUST
CUST-20260407-0412,2026-04-07,SELL,KO,5000,60.385,USD,JANE STREET CAPITAL LLC,4421-CUST
CUST-20260410-0413,2026-04-10,SELL,AMZN,750,183.0153,USD,JANE STREET CAPITAL LLC,8845-CUST
CUST-20260407-0414,2026-04-07,BUY,JNJ,1500,153.7142,USD,JANE STREET CAPITAL LLC,6602-CUST
CUST-20260407-0415,2026-04-07,BUY,TSLA,2500,176.4443,USD,JANE STREET CAPITAL LLC,6602-CUST
CUST-20260409-0416,2026-04-09,SELL,MA,750,474.3091,USD,JANE STREET CAPITAL LLC,8845-CUST
CUST-20260408-0417,2026-04-08,BUY,NVDA,2500,900.8889,USD,JANE STREET CAPITAL LLC,7731-CUST
CUST-20260408-0418,2026-04-08,SELL,JNJ,200,154.6514,USD,JANE STREET CAPITAL LLC,6602-CUST
CUST-20260408-0419,2026-04-08,BUY,META,100,511.2939,USD,JANE STREET CAPITAL LLC,6602-CUST
CUST-20260413-0420,2026-04-13,BUY,V,2500,283.0762,USD,JANE STREET CAPITAL LLC,5518-CUST
CUST-20260409-0421,2026-04-09,SELL,NVDA,500,898.0337,USD,JANE STREET CAPITAL LLC,7731-CUST
CUST-20260407-0422,2026-04-07,SELL,KO,5000,60.6601,USD,JANE STREET CAPITAL LLC,6602-CUST
CUST-20260408-0423,2026-04-08,BUY,JPM,5000,197.9193,USD,JANE STREET CAPITAL LLC,4421-CUST
CUST-20260413-0424,2026-04-13,BUY,META,5000,508.7725,USD,JANE STREET CAPITAL LLC,4421-CUST
CUST-20260408-0425,2026-04-08,SELL,HD,750,348.0358,USD,JANE STREET CAPITAL LLC,4421-CUST
CUST-20260410-0426,2026-04-10,BUY,KO,5000,60.2498,USD,JANE STREET CAPITAL LLC,5518-CUST
CUST-20260410-0427,2026-04-10,SELL,COST,300,731.1158,USD,JANE STREET CAPITAL LLC,7731-CUST
CUST-20260409-0428,2026-04-09,BUY,LLY,2500,766.7176,USD,JANE STREET CAPITAL LLC,4421-CUST
CUST-20260408-0429,2026-04-08,BUY,TSLA,300,178.902,USD,JANE STREET CAPITAL LLC,7731-CUST
CUST-20260410-0430,2026-04-10,BUY,META,200,513.367,USD,JANE STREET CAPITAL LLC,5518-CUST
CUST-20260409-0431,2026-04-09,SELL,META,500,517.2192,USD,VIRTU AMERICAS LLC,7731-CUST
CUST-20260410-0432,2026-04-10,BUY,ABBV,750,176.8264,USD,VIRTU AMERICAS LLC,4421-CUST
CUST-20260413-0433,2026-04-13,SELL,LLY,100,775.6726,USD,VIRTU AMERICAS LLC,8845-CUST
CUST-20260409-0434,2026-04-09,BUY,V,100,278.8519,USD,VIRTU AMERICAS LLC,5518-CUST
CUST-20260407-0435,2026-04-07,BUY,ABBV,500,174.537,USD,VIRTU AMERICAS LLC,4421-CUST
CUST-20260409-0436,2026-04-09,SELL,ABBV,2500,175.564,USD,VIRTU AMERICAS LLC,5518-CUST
CUST-20260409-0437,2026-04-09,BUY,KO,2500,61.2514,USD,VIRTU AMERICAS LLC,4421-CUST
CUST-20260407-0438,2026-04-07,BUY,LLY,5000,775.9271,USD,VIRTU AMERICAS LLC,8845-CUST
CUST-20260409-0439,2026-04-09,BUY,META,750,516.4714,USD,VIRTU AMERICAS LLC,7731-CUST
CUST-20260408-0440,2026-04-08,BUY,AMZN,200,183.7596,USD,VIRTU AMERICAS LLC,4421-CUST
CUST-20260409-0441,2026-04-09,BUY,JPM,750,196.706,USD,VIRTU AMERICAS LLC,5518-CUST
CUST-20260407-0442,2026-04-07,SELL,NVDA,2500,891.992,USD,VIRTU AMERICAS LLC,4421-CUST
CUST-20260413-0443,2026-04-13,SELL,UNH,750,509.4447,USD,VIRTU AMERICAS LLC,5518-CUST
CUST-20260408-0444,2026-04-08,SELL,MA,100,471.0675,USD,VIRTU AMERICAS LLC,4421-CUST
CUST-20260410-0445,2026-04-10,SELL,JNJ,200,154.9791,USD,VIRTU AMERICAS LLC,7731-CUST
CUST-20260410-0446,2026-04-10,SELL,UNH,1500,516.4877,USD,VIRTU AMERICAS LLC,6602-CUST
CUST-20260408-0447,2026-04-08,BUY,AAPL,2500,178.321,USD,VIRTU AMERICAS LLC,6602-CUST
CUST-20260410-0448,2026-04-10,BUY,PG,1500,163.5103,USD,VIRTU AMERICAS LLC,4421-CUST
CUST-20260410-0449,2026-04-10,BUY,AAPL,1500,178.9757,USD,VIRTU AMERICAS LLC,7731-CUST
CUST-20260409-0450,2026-04-09,BUY,V,5000,278.8113,USD,VIRTU AMERICAS LLC,7731-CUST
CUST-20260413-0451,2026-04-13,BUY,V,1000,281.9653,USD,VIRTU AMERICAS LLC,7731-CUST
CUST-20260410-0452,2026-04-10,SELL,AMZN,100,183.2563,USD,VIRTU AMERICAS LLC,4421-CUST
CUST-20260413-0453,2026-04-13,BUY,AAPL,100,176.9726,USD,VIRTU AMERICAS LLC,4421-CUST
CUST-20260408-0454,2026-04-08,BUY,NVDA,100,900.3502,USD,VIRTU AMERICAS LLC,7731-CUST
CUST-20260409-0455,2026-04-09,BUY,META,300,516.2377,USD,VIRTU AMERICAS LLC,4421-CUST
CUST-20260410-0456,2026-04-10,BUY,AAPL,100,179.1342,USD,VIRTU AMERICAS LLC,5518-CUST
CUST-20260410-0457,2026-04-10,SELL,TSLA,200,178.6809,USD,VIRTU AMERICAS LLC,6602-CUST
CUST-20260408-0458,2026-04-08,SELL,LLY,1000,768.4554,USD,VIRTU AMERICAS LLC,7731-CUST
CUST-20260410-0459,2026-04-10,SELL,MSFT,100,416.063,USD,VIRTU AMERICAS LLC,4421-CUST
CUST-20260410-0460,2026-04-10,SELL,JNJ,100,155.193,USD,VIRTU AMERICAS LLC,4421-CUST
CUST-20260409-0461,2026-04-09,SELL,ABBV,100,175.806,USD,VIRTU AMERICAS LLC,8845-CUST
CUST-20260413-0462,2026-04-13,BUY,TSLA,2500,177.1068,USD,VIRTU AMERICAS LLC,5518-CUST
CUST-20260408-0463,2026-04-08,BUY,HD,1000,348.8163,USD,VIRTU AMERICAS LLC,8845-CUST
CUST-20260413-0464,2026-04-13,BUY,TSLA,200,177.1834,USD,VIRTU AMERICAS LLC,4421-CUST
CUST-20260408-0465,2026-04-08,BUY,GOOGL,200,149.1854,USD,VIRTU AMERICAS LLC,5518-CUST
CUST-20260410-0466,2026-04-10,SELL,JPM,200,197.0384,USD,VIRTU AMERICAS LLC,5518-CUST
CUST-20260413-0467,2026-04-13,BUY,KO,200,60.6627,USD,VIRTU AMERICAS LLC,5518-CUST
CUST-20260408-0468,2026-04-08,SELL,MSFT,5000,410.678,USD,VIRTU AMERICAS LLC,5518-CUST
CUST-20260410-0469,2026-04-10,SELL,GOOGL,2500,147.1139,USD,VIRTU AMERICAS LLC,5518-CUST
CUST-20260409-0470,2026-04-09,BUY,LLY,1500,768.9423,USD,VIRTU AMERICAS LLC,7731-CUST
CUST-20260410-0471,2026-04-10,SELL,V,200,280.0436,USD,VIRTU AMERICAS LLC,4421-CUST
CUST-20260413-0472,2026-04-13,SELL,LLY,300,777.2015,USD,VIRTU AMERICAS LLC,6602-CUST
CUST-20260407-0473,2026-04-07,SELL,COST,2500,737.2574,USD,VIRTU AMERICAS LLC,5518-CUST
CUST-20260408-0474,2026-04-08,BUY,JPM,750,197.4007,USD,VIRTU AMERICAS LLC,4421-CUST
CUST-20260413-0475,2026-04-13,BUY,V,750,282.4,USD,VIRTU AMERICAS LLC,6602-CUST
CUST-20260407-0476,2026-04-07,BUY,TSLA,500,176.1235,USD,VIRTU AMERICAS LLC,8845-CUST
CUST-20260409-0477,2026-04-09,SELL,JNJ,1500,153.9983,USD,VIRTU AMERICAS LLC,8845-CUST
CUST-20260407-0478,2026-04-07,SELL,KO,750,60.6626,USD,VIRTU AMERICAS LLC,5518-CUST
CUST-20260410-0479,2026-04-10,BUY,ABBV,1500,176.872,USD,VIRTU AMERICAS LLC,8845-CUST
CUST-20260410-0480,2026-04-10,BUY,UNH,5000,517.503,USD,VIRTU AMERICAS LLC,7731-CUST
CUST-20260413-0481,2026-04-13,SELL,LLY,1000,778.0063,USD,VIRTU AMERICAS LLC,8845-CUST
CUST-20260409-0482,2026-04-09,BUY,ABBV,2500,176.0705,USD,VIRTU AMERICAS LLC,4421-CUST
CUST-20260409-0483,2026-04-09,BUY,KO,5000,61.0851,USD,VIRTU AMERICAS LLC,4421-CUST
CUST-20260410-0484,2026-04-10,BUY,JNJ,200,155.0709,USD,VIRTU AMERICAS LLC,5518-CUST
CUST-20260413-0485,2026-04-13,SELL,ABBV,2500,175.945,USD,VIRTU AMERICAS LLC,8845-CUST
CUST-20260409-0486,2026-04-09,SELL,NVDA,200,900.8879,USD,VIRTU AMERICAS LLC,7731-CUST
CUST-20260409-0487,2026-04-09,SELL,META,300,516.7489,USD,BARCLAYS CAPITAL INC.,4421-CUST
CUST-20260407-0488,2026-04-07,BUY,AMZN,1500,186.5397,USD,BARCLAYS CAPITAL INC.,8845-CUST
CUST-20260410-0489,2026-04-10,SELL,XOM,2500,119.6539,USD,BARCLAYS CAPITAL INC.,7731-CUST
CUST-20260407-0490,2026-04-07,BUY,KO,2500,60.5401,USD,BARCLAYS CAPITAL INC.,7731-CUST
CUST-20260407-0491,2026-04-07,SELL,MSFT,200,411.7024,USD,BARCLAYS CAPITAL INC.,5518-CUST
CUST-20260407-0492,2026-04-07,SELL,ABBV,2500,174.4485,USD,BARCLAYS CAPITAL INC.,6602-CUST
CUST-20260408-0493,2026-04-08,BUY,LLY,1000,769.1137,USD,BARCLAYS CAPITAL INC.,6602-CUST
CUST-20260413-0494,2026-04-13,SELL,META,1500,507.9094,USD,BARCLAYS CAPITAL INC.,5518-CUST
CUST-20260410-0495,2026-04-10,BUY,AAPL,300,179.264,USD,BARCLAYS CAPITAL INC.,7731-CUST
CUST-20260408-0496,2026-04-08,BUY,COST,750,729.8006,USD,BARCLAYS CAPITAL INC.,4421-CUST
CUST-20260410-0497,2026-04-10,BUY,TSLA,1500,178.9501,USD,BARCLAYS CAPITAL INC.,8845-CUST
CUST-20260408-0498,2026-04-08,SELL,XOM,5000,119.5664,USD,BARCLAYS CAPITAL INC.,5518-CUST
CUST-20260407-0499,2026-04-07,SELL,JPM,1500,198.9064,USD,BARCLAYS CAPITAL INC.,6602-CUST
CUST-20260410-0500,2026-04-10,BUY,WMT,1000,59.7476,USD,BARCLAYS CAPITAL INC.,4421-CUST
CUST-20260407-0501,2026-04-07,SELL,AMZN,1500,186.7059,USD,BARCLAYS CAPITAL INC.,7731-CUST
CUST-20260409-0502,2026-04-09,SELL,META,5000,515.4932,USD,BARCLAYS CAPITAL INC.,4421-CUST
CUST-20260409-0503,2026-04-09,SELL,UNH,200,512.0402,USD,BARCLAYS CAPITAL INC.,5518-CUST
CUST-20260408-0504,2026-04-08,SELL,KO,500,61.0478,USD,BARCLAYS CAPITAL INC.,4421-CUST
CUST-20260407-0505,2026-04-07,BUY,GOOGL,1500,149.1219,USD,BARCLAYS CAPITAL INC.,8845-CUST
CUST-20260407-0506,2026-04-07,SELL,META,200,509.4085,USD,BARCLAYS CAPITAL INC.,8845-CUST
CUST-20260410-0507,2026-04-10,SELL,META,300,514.8205,USD,BARCLAYS CAPITAL INC.,5518-CUST
CUST-20260413-0508,2026-04-13,BUY,UNH,2500,508.2412,USD,BARCLAYS CAPITAL INC.,4421-CUST
CUST-20260413-0509,2026-04-13,BUY,KO,5000,60.7032,USD,BARCLAYS CAPITAL INC.,4421-CUST
CUST-20260408-0510,2026-04-08,BUY,KO,1500,61.2132,USD,BARCLAYS CAPITAL INC.,8845-CUST
CUST-20260407-0511,2026-04-07,BUY,JPM,500,198.7089,USD,BARCLAYS CAPITAL INC.,6602-CUST
CUST-20260408-0512,2026-04-08,SELL,ABBV,100,176.5806,USD,BARCLAYS CAPITAL INC.,4421-CUST
CUST-20260408-0513,2026-04-08,SELL,V,500,282.3239,USD,BARCLAYS CAPITAL INC.,5518-CUST
CUST-20260409-0514,2026-04-09,BUY,UNH,2500,511.9476,USD,BARCLAYS CAPITAL INC.,6602-CUST
CUST-20260413-0515,2026-04-13,SELL,COST,1000,732.3578,USD,BARCLAYS CAPITAL INC.,5518-CUST
CUST-20260409-0516,2026-04-09,BUY,PG,1000,161.745,USD,BARCLAYS CAPITAL INC.,6602-CUST
CUST-20260409-0517,2026-04-09,BUY,LLY,1500,766.731,USD,BARCLAYS CAPITAL INC.,8845-CUST
CUST-20260408-0518,2026-04-08,SELL,WMT,5000,60.1616,USD,BARCLAYS CAPITAL INC.,8845-CUST
CUST-20260407-0519,2026-04-07,BUY,JNJ,500,153.8175,USD,BARCLAYS CAPITAL INC.,8845-CUST
CUST-20260409-0520,2026-04-09,BUY,AMZN,500,185.5109,USD,BARCLAYS CAPITAL INC.,8845-CUST
CUST-20260409-0521,2026-04-09,SELL,V,2500,278.9272,USD,BARCLAYS CAPITAL INC.,6602-CUST
CUST-20260408-0522,2026-04-08,BUY,MA,2500,471.548,USD,BARCLAYS CAPITAL INC.,6602-CUST
CUST-20260409-0523,2026-04-09,BUY,NVDA,750,897.7584,USD,BARCLAYS CAPITAL INC.,7731-CUST
CUST-20260407-0524,2026-04-07,BUY,WMT,300,60.1468,USD,BARCLAYS CAPITAL INC.,7731-CUST
CUST-20260409-0525,2026-04-09,SELL,HD,100,352.1854,USD,BARCLAYS CAPITAL INC.,8845-CUST
CUST-20260410-0526,2026-04-10,BUY,UNH,1000,517.6944,USD,BARCLAYS CAPITAL INC.,8845-CUST
CUST-20260413-0527,2026-04-13,SELL,GOOGL,2500,148.7973,USD,BARCLAYS CAPITAL INC.,7731-CUST
CUST-20260410-0528,2026-04-10,SELL,HD,300,354.7948,USD,BARCLAYS CAPITAL INC.,6602-CUST
CUST-20260409-0529,2026-04-09,SELL,UNH,100,512.6104,USD,BARCLAYS CAPITAL INC.,4421-CUST
CUST-20260407-0530,2026-04-07,BUY,HD,500,353.6999,USD,BARCLAYS CAPITAL INC.,6602-CUST
CUST-20260409-0531,2026-04-09,BUY,HD,750,353.3635,USD,BARCLAYS CAPITAL INC.,6602-CUST
CUST-20260410-0532,2026-04-10,SELL,COST,1000,729.1619,USD,BARCLAYS CAPITAL INC.,6602-CUST
CUST-20260408-0533,2026-04-08,SELL,AAPL,500,178.338,USD,BARCLAYS CAPITAL INC.,8845-CUST
CUST-20260408-0534,2026-04-08,BUY,AAPL,2500,178.4286,USD,BARCLAYS CAPITAL INC.,8845-CUST
CUST-20260408-0535,2026-04-08,SELL,LLY,100,768.3671,USD,BARCLAYS CAPITAL INC.,5518-CUST
CUST-20260409-0536,2026-04-09,SELL,AMZN,5000,185.051,USD,BARCLAYS CAPITAL INC.,6602-CUST
CUST-20260407-0537,2026-04-07,BUY,JPM,5000,199.364,USD,BARCLAYS CAPITAL INC.,8845-CUST
CUST-20260409-0538,2026-04-09,SELL,JNJ,100,154.0339,USD,BARCLAYS CAPITAL INC.,8845-CUST
CUST-20260408-0539,2026-04-08,SELL,NVDA,2500,900.334,USD,BARCLAYS CAPITAL INC.,7731-CUST
CUST-20260407-0540,2026-04-07,BUY,JNJ,300,153.4643,USD,BARCLAYS CAPITAL INC.,5518-CUST
CUST-20260410-0541,2026-04-10,SELL,WMT,5000,59.6145,USD,BARCLAYS CAPITAL INC.,5518-CUST
CUST-20260407-0542,2026-04-07,SELL,GOOGL,300,149.046,USD,BARCLAYS CAPITAL INC.,6602-CUST
CUST-20260407-0543,2026-04-07,BUY,KO,1500,60.5097,USD,BARCLAYS CAPITAL INC.,8845-CUST
CUST-20260407-0544,2026-04-07,BUY,UNH,5000,508.4954,USD,BARCLAYS CAPITAL INC.,8845-CUST
CUST-20260413-0545,2026-04-13,SELL,MA,5000,477.4078,USD,BARCLAYS CAPITAL INC.,7731-CUST
CUST-20260413-0546,2026-04-13,BUY,COST,2500,732.9973,USD,BARCLAYS CAPITAL INC.,5518-CUST
CUST-20260408-0547,2026-04-08,SELL,WMT,100,60.3064,USD,BARCLAYS CAPITAL INC.,4421-CUST
CUST-20260409-0548,2026-04-09,BUY,META,1500,516.0469,USD,UBS SECURITIES LLC,6602-CUST
CUST-20260410-0549,2026-04-10,SELL,TSLA,200,178.9903,USD,UBS SECURITIES LLC,8845-CUST
CUST-20260410-0550,2026-04-10,BUY,GOOGL,5000,147.2079,USD,UBS SECURITIES LLC,7731-CUST
CUST-20260408-0551,2026-04-08,SELL,GOOGL,1500,149.6799,USD,UBS SECURITIES LLC,4421-CUST
CUST-20260407-0552,2026-04-07,SELL,GOOGL,1500,148.5287,USD,UBS SECURITIES LLC,7731-CUST
CUST-20260410-0553,2026-04-10,SELL,TSLA,100,178.9442,USD,UBS SECURITIES LLC,7731-CUST
CUST-20260407-0554,2026-04-07,SELL,PG,200,162.8306,USD,UBS SECURITIES LLC,4421-CUST
CUST-20260408-0555,2026-04-08,BUY,GOOGL,500,149.3924,USD,UBS SECURITIES LLC,5518-CUST
CUST-20260408-0556,2026-04-08,SELL,NVDA,200,901.858,USD,UBS SECURITIES LLC,8845-CUST
CUST-20260408-0557,2026-04-08,SELL,AAPL,5000,178.1302,USD,UBS SECURITIES LLC,8845-CUST
CUST-20260410-0558,2026-04-10,SELL,PG,5000,162.8164,USD,UBS SECURITIES LLC,7731-CUST
CUST-20260408-0559,2026-04-08,SELL,GOOGL,2500,149.4005,USD,UBS SECURITIES LLC,7731-CUST
CUST-20260408-0560,2026-04-08,BUY,COST,100,730.1237,USD,UBS SECURITIES LLC,5518-CUST
CUST-20260409-0561,2026-04-09,SELL,LLY,5000,768.3928,USD,UBS SECURITIES LLC,8845-CUST
CUST-20260410-0562,2026-04-10,BUY,XOM,5000,119.5758,USD,UBS SECURITIES LLC,6602-CUST
CUST-20260407-0563,2026-04-07,BUY,HD,300,354.1243,USD,UBS SECURITIES LLC,7731-CUST
CUST-20260409-0564,2026-04-09,BUY,META,1500,517.467,USD,UBS SECURITIES LLC,6602-CUST
CUST-20260407-0565,2026-04-07,SELL,MA,300,473.5687,USD,UBS SECURITIES LLC,4421-CUST
CUST-20260410-0566,2026-04-10,BUY,TSLA,200,178.8501,USD,UBS SECURITIES LLC,6602-CUST
CUST-20260407-0567,2026-04-07,BUY,MSFT,5000,411.8332,USD,UBS SECURITIES LLC,7731-CUST
CUST-20260407-0568,2026-04-07,SELL,JPM,200,198.6714,USD,UBS SECURITIES LLC,6602-CUST
CUST-20260408-0569,2026-04-08,SELL,XOM,1500,119.5482,USD,UBS SECURITIES LLC,6602-CUST
CUST-20260413-0570,2026-04-13,SELL,AAPL,200,177.6768,USD,UBS SECURITIES LLC,5518-CUST
CUST-20260410-0571,2026-04-10,BUY,KO,2500,60.2693,USD,UBS SECURITIES LLC,4421-CUST
CUST-20260410-0572,2026-04-10,SELL,UNH,500,516.0042,USD,UBS SECURITIES LLC,7731-CUST
CUST-20260409-0573,2026-04-09,BUY,NVDA,5000,898.1639,USD,UBS SECURITIES LLC,6602-CUST
CUST-20260409-0574,2026-04-09,SELL,META,500,516.0023,USD,UBS SECURITIES LLC,7731-CUST
CUST-20260408-0575,2026-04-08,BUY,ABBV,500,176.3747,USD,UBS SECURITIES LLC,6602-CUST
CUST-20260408-0576,2026-04-08,SELL,AAPL,750,178.4461,USD,UBS SECURITIES LLC,5518-CUST
CUST-20260408-0577,2026-04-08,SELL,LLY,1000,770.1241,USD,UBS SECURITIES LLC,4421-CUST
CUST-20260410-0578,2026-04-10,SELL,MA,500,476.0612,USD,UBS SECURITIES LLC,8845-CUST
CUST-20260407-0579,2026-04-07,SELL,PG,5000,162.7952,USD,UBS SECURITIES LLC,6602-CUST
CUST-20260407-0580,2026-04-07,BUY,HD,300,354.5496,USD,UBS SECURITIES LLC,6602-CUST
CUST-20260407-0581,2026-04-07,SELL,HD,100,354.6457,USD,UBS SECURITIES LLC,5518-CUST
CUST-20260409-0582,2026-04-09,SELL,AAPL,2500,179.55,USD,UBS SECURITIES LLC,8845-CUST
CUST-20260409-0583,2026-04-09,BUY,V,100,279.009,USD,UBS SECURITIES LLC,6602-CUST
CUST-20260409-0584,2026-04-09,BUY,WMT,1000,60.1053,USD,UBS SECURITIES LLC,8845-CUST
CUST-20260407-0585,2026-04-07,SELL,MA,200,472.2989,USD,UBS SECURITIES LLC,5518-CUST
CUST-20260409-0586,2026-04-09,BUY,WMT,1000,59.8802,USD,UBS SECURITIES LLC,4421-CUST
CUST-20260407-0587,2026-04-07,BUY,TSLA,500,176.481,USD,UBS SECURITIES LLC,5518-CUST
CUST-20260409-0588,2026-04-09,SELL,KO,300,61.1854,USD,UBS SECURITIES LLC,4421-CUST
CUST-20260413-0589,2026-04-13,SELL,HD,1000,350.1441,USD,UBS SECURITIES LLC,8845-CUST
CUST-20260407-0590,2026-04-07,BUY,TSLA,1000,176.605,USD,UBS SECURITIES LLC,6602-CUST
CUST-20260407-0591,2026-04-07,BUY,V,2500,279.5019,USD,UBS SECURITIES LLC,4421-CUST
CUST-20260410-0592,2026-04-10,BUY,V,500,279.9967,USD,UBS SECURITIES LLC,8845-CUST
CUST-20260410-0593,2026-04-10,SELL,AMZN,300,183.3465,USD,UBS SECURITIES LLC,8845-CUST
CUST-20260408-0594,2026-04-08,SELL,META,1500,510.6791,USD,UBS SECURITIES LLC,4421-CUST
CUST-20260408-0595,2026-04-08,SELL,HD,1000,348.5236,USD,UBS SECURITIES LLC,8845-CUST
CUST-20260408-0596,2026-04-08,BUY,JPM,2500,197.2853,USD,UBS SECURITIES LLC,7731-CUST
CUST-20260407-0597,2026-04-07,BUY,MSFT,200,412.6885,USD,UBS SECURITIES LLC,4421-CUST
CUST-20260407-0598,2026-04-07,BUY,META,5000,508.0409,USD,UBS SECURITIES LLC,8845-CUST
CUST-20260413-0599,2026-04-13,BUY,WMT,300,60.3393,USD,UBS SECURITIES LLC,6602-CUST
CUST-20260408-0600,2026-04-08,SELL,MA,300,470.6845,USD,UBS SECURITIES LLC,7731-CUST
CUST-20260409-0601,2026-04-09,SELL,KO,100,61.2102,USD,UBS SECURITIES LLC,8845-CUST
CUST-20260407-0602,2026-04-07,BUY,META,300,509.5497,USD,UBS SECURITIES LLC,4421-CUST
CUST-20260410-0603,2026-04-10,SELL,AMZN,300,183.7636,USD,UBS SECURITIES LLC,6602-CUST